{
    "training_params": {
        "epochs": 50,
        "batch_size": 32,
        "test_size": 0.2,
        "random_state": 42,
        "num_classes": 10
    },
    "training_times": {
        "resnet": 105.24595594406128,
        "lstm": 216.8751664161682,
        "transformer": 1381.6822710037231
    },
    "history_resnet": {
        "accuracy": [
            0.4867573380470276,
            0.6395132541656494,
            0.7072297930717468,
            0.7569076418876648,
            0.7855404615402222,
            0.8105941414833069,
            0.8310665488243103,
            0.8486757278442383,
            0.8604151606559753,
            0.8732999563217163,
            0.8876163363456726,
            0.8911954164505005,
            0.9029348492622375,
            0.9128131866455078,
            0.9201145172119141,
            0.9193987250328064,
            0.9205440282821655,
            0.9278453588485718,
            0.9421617984771729,
            0.9414459466934204,
            0.9420186281204224,
            0.9387258291244507,
            0.9375805258750916,
            0.9537580609321594,
            0.9559054970741272,
            0.9544738531112671,
            0.9590551257133484,
            0.9478883147239685,
            0.9569076299667358,
            0.965927004814148,
            0.9447387456893921,
            0.9669291377067566,
            0.9705082178115845,
            0.9559054970741272,
            0.9686471223831177,
            0.9660701751708984,
            0.9654974937438965,
            0.9644953608512878,
            0.9670723080635071,
            0.9667859673500061,
            0.9746599793434143,
            0.9632068872451782,
            0.9673586487770081,
            0.9743736386299133,
            0.9833930134773254,
            0.9715103507041931,
            0.9652111530303955,
            0.9753758311271667,
            0.9765211343765259,
            0.9622046947479248
        ],
        "loss": [
            1.483191967010498,
            1.0642709732055664,
            0.8594760298728943,
            0.7277070879936218,
            0.6415919661521912,
            0.5552954077720642,
            0.4927762448787689,
            0.44740617275238037,
            0.4158625602722168,
            0.3624420464038849,
            0.33741629123687744,
            0.3186747133731842,
            0.28612396121025085,
            0.2518942654132843,
            0.23453399538993835,
            0.2282007783651352,
            0.22023065388202667,
            0.20076780021190643,
            0.1695515364408493,
            0.17696726322174072,
            0.168257474899292,
            0.17239046096801758,
            0.17620812356472015,
            0.13332891464233398,
            0.12245561927556992,
            0.13071945309638977,
            0.11857546120882034,
            0.1496514081954956,
            0.11976546794176102,
            0.0984305590391159,
            0.15124554932117462,
            0.09675917774438858,
            0.0825495794415474,
            0.1226915568113327,
            0.08952948451042175,
            0.09932123869657516,
            0.0993925929069519,
            0.09662216156721115,
            0.09193729609251022,
            0.11253141611814499,
            0.07237866520881653,
            0.1031571477651596,
            0.08991460502147675,
            0.07252778112888336,
            0.047575950622558594,
            0.07945087552070618,
            0.0981079638004303,
            0.07469838857650757,
            0.06289389729499817,
            0.11117096990346909
        ],
        "val_accuracy": [
            0.4928448796272278,
            0.6451058983802795,
            0.7120778560638428,
            0.7303949594497681,
            0.7847738862037659,
            0.7796221971511841,
            0.7721808552742004,
            0.828277051448822,
            0.7887807488441467,
            0.8351459503173828,
            0.832856297492981,
            0.832856297492981,
            0.85289067029953,
            0.8815111517906189,
            0.8420149087905884,
            0.829994261264801,
            0.8631940484046936,
            0.8477389812469482,
            0.875787079334259,
            0.8780767321586609,
            0.8637664318084717,
            0.8729250431060791,
            0.8878076672554016,
            0.8586147427558899,
            0.8683457374572754,
            0.8889524936676025,
            0.878649115562439,
            0.854607880115509,
            0.8838008046150208,
            0.832856297492981,
            0.8643388748168945,
            0.8763594627380371,
            0.8322839140892029,
            0.8752146363258362,
            0.8866628408432007,
            0.8809387683868408,
            0.8992558717727661,
            0.8763594627380371,
            0.880366325378418,
            0.8986834287643433,
            0.8838008046150208,
            0.8763594627380371,
            0.8941041827201843,
            0.8889524936676025,
            0.9089868068695068,
            0.8866628408432007,
            0.8895248770713806,
            0.8975386619567871,
            0.8912421464920044,
            0.8815111517906189
        ],
        "val_loss": [
            1.4004411697387695,
            1.05573570728302,
            0.8549124598503113,
            0.8862263560295105,
            0.6884057521820068,
            0.6693874597549438,
            0.6980044841766357,
            0.5558956861495972,
            0.6775028705596924,
            0.5502499938011169,
            0.5274189114570618,
            0.5402613282203674,
            0.5038564205169678,
            0.42881718277931213,
            0.5634046792984009,
            0.5638197064399719,
            0.4983547627925873,
            0.5393581986427307,
            0.44149458408355713,
            0.44069012999534607,
            0.4838835299015045,
            0.4549996256828308,
            0.4284957945346832,
            0.5166295766830444,
            0.47404050827026367,
            0.44258537888526917,
            0.46582725644111633,
            0.5956353545188904,
            0.4696072041988373,
            0.7510483860969543,
            0.5419154167175293,
            0.520076334476471,
            0.6611864566802979,
            0.5105326175689697,
            0.5065831542015076,
            0.49359941482543945,
            0.4527375400066376,
            0.5711899995803833,
            0.5801624655723572,
            0.4318220615386963,
            0.4788917899131775,
            0.5376361012458801,
            0.491351842880249,
            0.43939632177352905,
            0.4548351764678955,
            0.580464780330658,
            0.49810653924942017,
            0.4885430932044983,
            0.5032942295074463,
            0.46943002939224243
        ]
    },