{
    "training_params": {
        "epochs": 3,
        "batch_size": 32,
        "test_size": 0.2,
        "random_state": 42,
        "num_classes": 10
    },
    "training_times": {
        "resnet": 8.490822792053223,
        "lstm": 8.610963344573975,
        "transformer": 42.49789071083069
    },
    "history_resnet": {
        "accuracy": [
            0.49692198634147644,
            0.6319255828857422,
            0.702791690826416
        ],
        "loss": [
            1.4720357656478882,
            1.0948679447174072,
            0.8915886878967285
        ],
        "val_accuracy": [
            0.5621064901351929,
            0.6021751761436462,
            0.7378363013267517
        ],
        "val_loss": [
            1.288352608680725,
            1.1408225297927856,
            0.8143875002861023
        ]
    },
    "history_lstm": {
        "accuracy": [
            0.30121690034866333,
            0.43235504627227783,
            0.497494637966156
        ],
        "loss": [
            1.9438626766204834,
            1.6022039651870728,
            1.43301522731781
        ],
        "val_accuracy": [
            0.38809388875961304,
            0.4304521977901459,
            0.49341729283332825
        ],
        "val_loss": [
            1.692596673965454,
            1.5595623254776,
            1.4149550199508667
        ]
    },
    "history_transformer": {
        "accuracy": [
            0.24982105195522308,
            0.3047959804534912,
            0.34702935814857483
        ],
        "loss": [
            2.0316667556762695,
            1.8697123527526855,
            1.7804689407348633
        ],
        "val_accuracy": [
            0.29536348581314087,
            0.3394390344619751,
            0.34688037633895874
        ],
        "val_loss": [
            1.8670120239257812,
            1.8031655550003052,
            1.7258943319320679
        ]
    }
}