{
    "resnet": 36.55826783180237,
    "lstm": 75.05031704902649,
    "transformer": 140.43042993545532
}