{
    "resnet": 257.61700916290283,
    "lstm": 26.300215482711792,
    "transformer": 42.48398995399475
}