{
    "resnet": 29.87156581878662,
    "lstm": 60.68324613571167,
    "transformer": 133.07300066947937
}