{
    "resnet": 581.5211400985718,
    "lstm": 41.82171058654785,
    "transformer": 96.5658814907074
}